Date,Artist(s),Venue,Setlist
07-29-2003,,Merriweather,
03-13-2004,,D.A.R.,
10-15-2004,,Hippodrome,
11-09-2004,,Nation,
08-17-2005,,Chevy Amphitheater,
04-29-2006,,Burdick Field,
07-04-2007,,Baker Park Bandshell,
08-14-2007,,Pier Six,
09-30-2007,,9:30 Club,
04-26-2008,,Merriweather,
05-26-2008,,D.A.R.,
10-26-2008,,Rams Head Live!,
05-27-2009,,9:30 Club,
08-01-2009,,Merriweather,
04-07-2010,,Terminal 5,
07-20-2010,,Jiffy Lube Live,
09-18-2010,,Jiffy Lube Live,
05-22-2011,,Jaxx,
07-22-2011,,Ottobar,
08-17-2011,,Jaxx,
08-23-2011,,Rams Head Live!,
09-24-2011,,The Fillmore,
10-17-2011,,Warner Theatre,
10-28-2011,,The Fillmore,
11-01-2011,,Rams Head Live!,
11-06-2011,,The Fillmore,
11-10-2011,,Rams Head Live!,
05-09-2012,,The Fillmore,
07-13-2012,,Warner Theatre,
09-11-2012,,Sound Stage,
09-24-2012,,Rams Head Live!,
02-07-2013,,Rams Head Live!,
04-20-2013,,Howard Theatre,
04-01-2014,,Lincoln Theater,
05-03-2014,,State Theater,
09-27-2014,,Arlenes Grocery,
05-03-2015,,Empire,
06-19-2015,,Royal Albert Hall,
07-04-2015,,RFK Stadium,
08-01-2015,,Meyerhoff,
08-10-2015,,Jammin' Java,
10-16-2015,,The Fillmore,
11-21-2015,,Cafe 611,
12-16-2015,,Sound Stage,
02-06-2016,,Cafe 611,
04-09-2016,,Metro Gallery,
04-24-2016,,Hippodrome,
05-13-2016,,Blue Fox,
05-27-2016,,Jammin' Java,
06-10-2016,,9:30 Club,
07-30-2016,,Metro Gallery,
08-02-2016,,Sound Stage,
08-10-2016,,Verizon Center,
09-03-2016,,Club Orpheus,
09-08-2016,,Cafe 611,
09-27-2016,,Cafe 611,
09-30-2016,,The Fillmore,
01-07-2017,,MAGfest,
02-03-2017,,State Theatre,
06-03-2017,,Jiffy Lube Live,
07-12-2017,,Ottobar,
08-23-2017,,Jiffy Lube Live,
09-06-2017,,Center Stage,
09-07-2017,,Center Stage,
09-08-2017,,Center Stage,
09-09-2017,,Center Stage,
09-23-2017,,Sirbaugh Acres,
10-08-2017,,Blues Alley,
11-27-2017,,The Lyric,
04-05-2018,,The Fillmore Silver Spring,
04-24-2018,,9:30 Club,
11-06-2018,,Soundstage,
12-05-2018,,Rams Head Live,
04-15-2019,,Warner Theater,
11-21-2021,,The Anthem,
03-06-2022,,Warner Theater,
06-11-2022,,Soundstage,
08-19-2022,,The Anthem,
09-18-2022,,The Anthem,
10-15-2022,,Lincoln Theater,
03-07-2023,,Rams Head on Stage,
04-01-2023,,Tally Ho,
06-14-2023,,Weinberg,
08-25-2023,,Tally Ho,
10-08-2023,,Rams Head Live,
02-02-2024,,Tally Ho,
06-08-2024,,Soundstage,
07-31-2024,,Howard Theater,
09-17-2024,,The Anthem,
10-20-2024,,Warner Theater,
03-21-2025,,The Anthem,
05-10-2025,,The Fillmore,
05-28-2025,,Northwest Stadium,
08-07-2025,,Hilton Lake Las Vegas,
08-08-2025,,Hilton Lake Las Vegas,
08-09-2025,,Hilton Lake Las Vegas,
08-10-2025,,Hilton Lake Las Vegas,
09-06-2025,,The Lyric,
10-16-2025,,Rams Head On Stage,
08-18-2026,,Nationals Field,
09-11-2026,,Jiffy Lube Live,
